{"money": 0.01955566746590326, "skills": {"интеллект": [4, 0], "языки": [4, 1.4944993922552252], "науки": [4, 0.02364409913865105], "искусство": [1, 0], "эрудиция": [1, 0], "сила": [1, 0], "выносливость": [1, 0], "скорость": [1, 0], "бой": [1, 0], "красноречие": [1, 0], "психология": [1, 0], "торговля": [2, 0], "финансы": [3, 0], "ремесло": [2, 0]}}