{"money": 3.6244527323345594, "skills": {"интеллект": [2, 0.6911249339119218], "языки": [0, 0.03149260416749464], "наука": [0, 0.08202747554656253], "искусство": [0, 0.056008937532899594], "эрудиция": [0, 0.16926358586610196], "сила": [0, 0.19620006918565774], "выносливость": [0, 0.162113892300695], "скорость": [0, 0], "бой": [0, 0.23336186326143926], "красноречие": [0, 0], "психология": [0, 0.03382998528899638], "торговля": [0, 0], "финансы": [0, 0.07428733453093991], "ремесло": [0, 0.04101569937100466]}}