{"money": 4663.390409184861, "skills": {"интеллект": [0, 0.17117284061693852], "языки": [9, 5], "наука": [6, 5], "искусство": [0, 0], "эрудиция": [0, 0.1229751593197065], "сила": [0, 0.19218380042769978], "выносливость": [0, 0.21339884121076746], "скорость": [0, 0], "бой": [1, 0.3286766202777622], "красноречие": [0, 0], "психология": [0, 0], "торговля": [0, 0], "финансы": [0, 0], "ремесло": [0, 0]}}