{"money": 180.77394634843932, "skills": {"интеллект": [3, 1.3592387678684474], "языки": [0, 0.0633110458474907], "наука": [0, 0.10311730430267148], "искусство": [0, 0.10472662928804839], "эрудиция": [1, 0.3626150251844083], "сила": [2, 0.7551781754129125], "выносливость": [2, 0.608755143394498], "скорость": [0, 0], "бой": [1, 0.27458339567451717], "красноречие": [0, 0], "психология": [0, 0.107487394689179], "торговля": [0, 0.016473997604933812], "финансы": [0, 0.11367870382754987], "ремесло": [0, 0.04101569937100466]}}