{"money": 0.02744626830030865, "skills": {"интеллект": [0, 0.06509224003772235], "языки": [0, 0.0174721199794288], "науки": [0, 0], "искусство": [0, 0], "эрудиция": [0, 0], "сила": [0, 0], "выносливость": [0, 0], "скорость": [0, 0], "бой": [0, 0], "красноречие": [0, 0], "психология": [0, 0], "торговля": [0, 0], "финансы": [0, 0], "ремесло": [0, 0]}}